date,VOO,QQQ,AAPL,MSFT,BND,TLT
2025-01-01,400.0,380.0,180.0,370.0,72.0,95.0
2025-01-02,399.56,388.29,176.87,374.11,71.86,94.53
2025-01-03,399.0,393.84,179.43,382.93,72.05,94.92
2025-01-06,398.69,396.68,184.02,382.39,72.1,93.96
2025-01-07,401.66,415.59,184.87,376.56,72.22,93.61
2025-01-08,401.28,415.58,187.33,375.06,72.37,94.34
2025-01-09,395.41,419.34,190.18,377.32,72.17,94.49
2025-01-10,396.87,421.31,193.38,382.68,72.01,94.7
2025-01-13,395.94,420.19,194.48,383.14,71.74,95.93
2025-01-14,395.21,434.08,195.27,374.9,71.71,96.88
2025-01-15,395.81,443.42,198.33,375.27,71.69,96.24
2025-01-16,396.88,435.09,198.63,371.43,71.74,97.21
2025-01-17,401.7,432.87,195.31,358.99,71.58,96.76
2025-01-20,404.51,435.63,195.45,355.18,71.79,96.75
2025-01-21,405.1,440.57,189.11,347.37,72.01,96.77
2025-01-22,402.24,432.59,189.15,350.7,72.37,97.56
2025-01-23,398.29,419.45,190.6,361.72,72.54,96.74
2025-01-24,399.42,408.68,194.86,372.58,72.59,97.08
2025-01-27,404.87,408.45,195.44,369.35,72.75,97.47
2025-01-28,405.18,408.04,198.73,366.76,72.9,98.07
2025-01-29,404.89,410.17,198.79,370.88,72.76,97.92
2025-01-30,407.21,405.99,195.3,377.25,73.06,98.67
2025-01-31,401.43,399.33,190.56,374.89,73.46,98.15
2025-02-03,400.31,388.45,187.39,374.17,73.93,99.01
2025-02-04,402.43,390.39,182.99,387.52,73.95,99.28
2025-02-05,406.13,392.56,185.11,386.99,74.03,98.24
2025-02-06,405.29,398.17,184.49,384.16,74.14,98.55
2025-02-07,406.97,402.73,186.41,385.01,74.15,98.69
2025-02-10,408.13,401.84,186.71,388.66,74.3,98.43
2025-02-11,411.5,409.6,190.24,382.58,74.28,97.89
2025-02-12,407.05,409.0,193.89,381.21,74.24,97.72
2025-02-13,409.53,405.44,191.76,374.39,74.66,96.67
2025-02-14,403.47,402.69,190.9,372.87,74.71,97.92
2025-02-17,393.09,399.61,189.17,384.18,74.73,97.09
2025-02-18,390.83,387.96,183.9,388.82,74.95,96.61
2025-02-19,387.37,388.96,186.16,388.38,74.99,97.45
2025-02-20,390.94,390.47,190.17,382.83,75.07,97.89
2025-02-21,393.7,388.68,190.21,381.08,75.06,98.43
2025-02-24,389.03,385.02,188.62,387.56,74.78,99.57
2025-02-25,392.5,387.17,192.35,384.27,74.78,99.34
2025-02-26,388.69,396.66,184.62,393.27,74.52,98.56
2025-02-27,388.49,397.04,185.26,384.97,74.58,99.2
2025-02-28,387.47,394.42,185.79,383.34,74.31,99.8
2025-03-03,388.05,391.36,183.99,394.13,74.53,99.56
2025-03-04,391.4,391.15,188.62,381.98,74.71,98.62
2025-03-05,394.06,384.52,191.94,389.32,74.78,99.55
2025-03-06,395.59,384.01,191.12,378.25,74.76,99.99
2025-03-07,398.33,384.5,190.89,377.83,74.87,98.96
2025-03-10,400.39,394.62,189.65,376.92,74.42,99.55
2025-03-11,398.01,399.98,188.0,381.96,74.17,98.48
2025-03-12,395.28,405.92,183.77,363.56,74.14,98.13
2025-03-13,393.55,402.1,188.36,352.85,74.23,97.31
2025-03-14,395.67,406.02,191.87,349.83,74.22,96.85
2025-03-17,394.81,399.83,194.65,350.14,73.99,96.25
2025-03-18,404.35,401.73,190.99,345.36,74.03,95.81
2025-03-19,401.16,404.24,198.19,344.27,73.93,96.34
2025-03-20,396.88,400.14,205.3,338.0,73.69,96.56
2025-03-21,400.1,411.56,206.05,335.98,73.77,97.02
2025-03-24,406.02,414.98,202.85,331.63,73.73,97.83
2025-03-25,408.24,404.35,199.84,333.01,74.02,97.56
2025-03-26,411.84,407.63,201.39,336.18,74.18,97.62
2025-03-27,417.95,405.51,198.24,343.96,74.36,98.02
2025-03-28,417.7,405.69,198.18,340.53,74.44,99.3
2025-03-31,411.89,408.49,202.09,338.93,74.25,99.98
2025-04-01,409.83,410.88,196.85,339.29,74.04,101.03
2025-04-02,413.93,399.6,204.0,337.82,73.71,101.82
2025-04-03,408.09,393.4,209.78,337.65,74.39,102.64
2025-04-04,408.37,397.8,205.32,329.55,74.15,101.27
2025-04-07,409.56,405.21,200.33,331.59,74.11,101.95
2025-04-08,408.4,416.21,199.39,326.95,74.03,102.12
2025-04-09,411.53,426.92,195.86,322.16,73.97,102.17
2025-04-10,414.09,415.1,195.01,314.3,73.84,101.77
2025-04-11,424.04,419.73,186.39,320.2,73.42,101.45
2025-04-14,426.85,408.9,185.7,319.59,73.2,101.77
2025-04-15,424.38,418.32,191.76,325.53,72.89,102.42
2025-04-16,422.13,419.97,188.08,327.03,72.87,101.27
2025-04-17,418.75,413.55,187.24,318.47,72.72,101.44
2025-04-18,422.93,425.41,182.44,313.18,72.57,101.02
2025-04-21,420.67,429.4,184.56,317.04,72.63,100.3
2025-04-22,420.52,418.47,183.89,313.34,72.51,100.6
2025-04-23,423.85,420.35,190.35,308.1,72.73,100.36
2025-04-24,420.92,416.29,191.11,307.33,72.65,99.87
2025-04-25,419.82,417.11,189.92,306.57,72.71,99.3
2025-04-28,412.24,414.6,191.83,301.82,72.42,99.52
2025-04-29,407.91,422.74,190.19,300.37,72.58,99.52
2025-04-30,405.72,414.66,185.81,298.21,72.5,98.71
2025-05-01,407.56,416.66,186.86,286.38,72.6,98.09
2025-05-02,412.64,427.45,186.34,288.75,72.68,97.96
2025-05-05,412.71,422.76,186.95,285.17,72.65,98.27
2025-05-06,413.94,424.17,188.25,291.18,72.71,97.5
2025-05-07,414.78,425.54,186.62,286.04,72.63,97.87
2025-05-08,419.48,421.67,188.07,279.1,72.95,97.27
2025-05-09,423.42,425.65,193.99,284.46,73.17,99.3
2025-05-12,424.74,426.4,190.3,277.53,73.29,98.6
2025-05-13,420.58,421.04,196.29,274.85,73.03,98.02
2025-05-14,424.57,431.63,195.51,277.53,72.79,98.17
2025-05-15,426.35,436.57,192.95,276.18,72.65,97.51
2025-05-16,431.8,435.74,201.45,269.16,72.6,98.13
2025-05-19,431.82,432.09,202.07,270.04,72.71,99.48
2025-05-20,440.56,427.6,207.08,269.3,72.51,99.19
2025-05-21,439.12,435.14,210.16,274.89,72.79,99.32
2025-05-22,446.38,434.44,204.09,277.54,72.8,98.94
2025-05-23,447.05,437.4,204.59,291.22,72.35,98.95
2025-05-26,444.88,436.47,202.77,283.86,72.25,100.03
2025-05-27,440.0,440.4,198.09,283.85,71.67,100.71
2025-05-28,439.48,439.88,192.06,279.21,71.51,100.03
2025-05-29,445.98,444.75,192.47,284.42,71.39,101.21
2025-05-30,449.82,443.81,194.55,288.22,71.26,102.11
2025-06-02,453.11,449.13,195.96,291.75,71.2,102.49
2025-06-03,442.54,453.53,194.97,288.29,71.12,101.99
2025-06-04,445.88,452.99,192.3,285.02,71.0,102.05
2025-06-05,448.54,447.81,189.04,276.14,71.34,101.44
2025-06-06,446.22,442.2,187.26,283.76,71.62,101.8
2025-06-09,443.56,437.87,183.94,286.13,71.37,101.56
2025-06-10,443.7,432.12,183.34,285.05,71.66,99.86
2025-06-11,451.64,437.52,183.32,289.36,71.3,100.57
2025-06-12,447.02,437.42,180.5,292.89,71.13,100.72
2025-06-13,445.25,447.23,179.82,297.52,71.48,101.55
2025-06-16,451.56,461.78,177.48,290.1,70.99,101.45
2025-06-17,449.69,462.13,177.52,286.95,71.13,101.6
2025-06-18,448.2,452.51,179.17,287.92,70.86,102.47
2025-06-19,448.8,450.31,179.79,289.63,70.84,102.78
2025-06-20,443.37,450.03,181.35,294.12,70.81,103.01
2025-06-23,444.51,441.03,176.2,289.58,71.2,105.55
2025-06-24,439.28,439.69,175.08,290.25,71.03,105.42
2025-06-25,443.37,441.63,175.99,300.6,71.02,105.56
2025-06-26,443.54,439.01,178.05,303.99,71.17,106.96
2025-06-27,454.02,434.54,173.16,308.28,71.12,106.32
2025-06-30,455.46,430.18,173.7,308.28,70.94,105.49
2025-07-01,461.93,441.15,177.49,312.13,70.93,104.36
2025-07-02,456.06,440.36,176.99,321.23,70.96,104.79
2025-07-03,455.66,435.51,176.75,321.87,71.17,105.29
2025-07-04,457.3,433.45,178.22,328.24,70.97,105.89
2025-07-07,465.58,439.41,179.06,323.85,70.88,104.82
2025-07-08,457.92,435.44,181.26,326.98,70.96,105.63
2025-07-09,462.68,438.54,181.55,331.77,70.93,106.6
2025-07-10,465.61,443.17,182.1,327.97,70.9,106.53
2025-07-11,473.03,447.98,179.66,333.8,70.9,106.56
2025-07-14,476.6,456.95,179.18,330.37,70.75,107.11
2025-07-15,477.02,453.67,183.24,326.31,70.58,107.41
2025-07-16,474.68,461.04,182.64,326.41,70.69,107.94
2025-07-17,468.91,456.19,182.16,336.6,70.45,107.06
2025-07-18,470.0,453.88,180.65,338.35,70.72,106.92
2025-07-21,469.26,461.66,183.23,343.48,70.78,105.95
2025-07-22,479.08,467.15,180.55,339.65,70.5,106.46
2025-07-23,476.3,467.36,183.53,340.17,70.57,106.89
2025-07-24,478.01,459.9,180.58,334.03,70.62,106.82
2025-07-25,470.67,463.69,177.3,331.14,70.8,107.07
2025-07-28,468.96,459.85,178.0,335.63,71.07,105.82
2025-07-29,470.36,454.19,178.47,335.53,71.0,106.51
2025-07-30,474.45,450.32,179.47,343.39,70.85,106.14
2025-07-31,481.59,452.05,182.92,342.4,70.72,106.25
2025-08-01,481.54,439.14,181.65,341.44,70.51,107.16
2025-08-04,476.31,441.53,183.13,348.48,70.35,106.55
2025-08-05,478.68,442.78,180.27,345.05,70.42,107.52
2025-08-06,481.35,439.39,184.38,336.99,70.43,107.63
2025-08-07,483.91,445.94,186.51,344.07,70.33,107.66
2025-08-08,480.67,449.92,188.34,346.43,70.17,108.12
2025-08-11,486.36,446.34,189.03,334.92,70.25,107.11
2025-08-12,486.96,442.4,186.49,335.26,70.15,107.6
2025-08-13,490.58,446.87,185.48,333.24,69.93,107.66
2025-08-14,497.09,437.76,187.19,342.63,69.9,108.51
2025-08-15,500.33,435.93,187.19,338.82,69.85,108.34
2025-08-18,501.95,432.32,187.66,335.84,69.62,108.05
2025-08-19,513.14,432.92,183.27,331.16,69.81,108.36
2025-08-20,514.58,434.37,183.92,325.81,70.0,108.32
2025-08-21,513.22,434.77,181.75,322.34,70.02,107.37
2025-08-22,513.98,441.85,178.37,315.23,70.06,107.22
2025-08-25,521.9,443.43,177.94,310.25,70.18,108.26
2025-08-26,522.71,441.68,172.26,302.59,70.18,108.19
2025-08-27,525.64,434.51,174.45,295.63,70.39,107.49
2025-08-28,532.2,439.06,177.15,288.55,70.77,108.08
2025-08-29,529.64,442.47,177.04,286.28,70.8,106.58
2025-09-01,520.68,451.65,174.02,283.3,70.91,104.89
2025-09-02,522.43,447.18,171.2,277.97,71.11,104.89
2025-09-03,523.82,447.53,170.8,280.16,71.04,105.04
2025-09-04,520.8,447.35,163.7,280.04,70.8,105.22
2025-09-05,525.57,446.99,164.27,278.23,71.01,104.52
2025-09-08,528.98,447.24,166.26,276.29,70.67,104.41
2025-09-09,523.88,436.92,165.4,283.4,71.08,103.32
2025-09-10,526.81,442.13,164.02,284.56,71.28,103.5
2025-09-11,525.95,446.34,164.6,286.79,71.33,102.25
2025-09-12,518.33,453.58,165.67,275.43,71.35,102.14
2025-09-15,520.88,468.14,168.95,272.69,71.75,102.35
2025-09-16,520.82,466.27,169.06,263.61,71.54,101.01
2025-09-17,517.1,466.23,167.07,261.93,71.29,100.62
2025-09-18,520.01,466.49,165.77,263.56,71.16,101.23
2025-09-19,522.76,479.42,166.36,260.86,71.11,102.43
2025-09-22,519.91,468.25,171.04,263.08,70.89,101.28
2025-09-23,522.19,471.61,170.13,258.96,70.93,101.55
2025-09-24,527.74,462.29,167.05,261.4,70.97,100.61
2025-09-25,524.14,446.23,164.56,255.16,70.8,99.6
2025-09-26,526.34,434.09,158.64,254.19,71.17,100.81
2025-09-29,526.54,426.04,159.62,255.96,70.87,101.33
2025-09-30,538.89,432.58,155.88,258.21,70.59,100.72
2025-10-01,529.05,427.58,152.57,257.77,70.68,100.89
2025-10-02,532.95,426.41,147.39,265.85,70.64,101.39
2025-10-03,531.49,419.77,144.56,264.2,70.74,101.53
2025-10-06,531.14,423.52,146.06,262.41,70.61,103.27
2025-10-07,541.61,417.28,142.77,251.33,70.39,103.75
2025-10-08,541.75,425.15,138.48,258.51,70.26,101.43
2025-10-09,554.32,419.51,138.96,257.09,70.12,101.21
2025-10-10,552.05,415.26,138.17,252.45,70.24,100.65
2025-10-13,554.2,416.14,139.27,257.84,70.14,100.5
2025-10-14,551.66,416.46,141.15,262.99,70.32,100.52
2025-10-15,548.02,424.94,141.17,263.52,70.46,100.03
2025-10-16,548.56,425.83,138.02,257.71,70.7,99.22
2025-10-17,547.19,418.94,137.76,259.5,70.91,100.25
2025-10-20,548.5,415.87,139.03,257.05,71.09,100.71
2025-10-21,537.17,412.76,137.65,252.43,71.27,100.21
2025-10-22,548.31,417.1,134.25,256.69,71.16,100.73
2025-10-23,547.58,419.5,136.93,248.29,71.11,101.25
2025-10-24,557.48,418.98,135.97,250.6,70.71,102.23
2025-10-27,552.04,424.24,135.04,252.5,70.78,101.42
2025-10-28,553.86,421.32,135.12,260.87,70.64,102.02
2025-10-29,572.01,420.7,137.64,262.29,70.74,101.56
2025-10-30,567.21,421.93,138.33,254.0,70.87,102.46
2025-10-31,558.92,431.14,137.56,250.76,70.58,102.32
2025-11-03,556.04,430.73,139.27,251.09,70.36,100.58
2025-11-04,558.89,428.82,144.69,252.58,70.29,100.61
2025-11-05,563.0,422.83,148.32,256.59,70.18,99.27
2025-11-06,570.57,427.05,150.14,248.87,70.22,99.11
2025-11-07,569.29,423.76,147.24,247.66,69.97,99.07
2025-11-10,560.36,425.96,157.36,251.55,69.99,98.77
2025-11-11,558.1,415.06,154.12,257.82,69.63,97.67
2025-11-12,565.32,421.28,153.16,265.57,69.17,96.85
2025-11-13,568.18,413.75,151.33,264.03,69.33,96.24
2025-11-14,557.28,409.49,155.79,268.72,69.05,96.06
2025-11-17,557.28,415.72,157.0,276.15,68.94,97.01
2025-11-18,565.38,408.27,153.15,281.5,68.64,97.54
2025-11-19,577.83,407.99,153.92,284.82,68.34,97.2
2025-11-20,581.31,408.58,155.46,288.65,68.26,98.15
2025-11-21,583.33,403.13,154.64,285.17,68.18,97.15
2025-11-24,576.28,410.88,151.4,278.83,68.4,97.66
2025-11-25,571.6,419.68,149.52,283.27,68.5,97.54
2025-11-26,572.07,408.54,148.42,281.81,68.45,97.72
2025-11-27,575.18,400.59,148.53,281.77,68.62,98.2
2025-11-28,578.75,405.27,147.22,279.3,68.87,97.7
2025-12-01,576.17,398.18,149.19,277.66,68.97,98.3
2025-12-02,569.72,396.21,146.76,278.77,68.89,98.3
2025-12-03,565.47,397.09,142.39,274.41,69.12,100.11
2025-12-04,559.11,401.08,140.59,274.79,69.51,99.89
2025-12-05,562.94,400.01,144.02,275.94,69.66,100.86
2025-12-08,550.16,400.71,142.62,275.69,70.06,101.36
2025-12-09,548.5,396.59,148.68,272.57,70.27,100.47
2025-12-10,551.18,403.93,150.02,276.05,70.47,101.51
2025-12-11,559.89,401.34,147.02,284.4,70.24,100.7
2025-12-12,560.49,403.4,144.92,281.81,70.0,99.02
2025-12-15,566.37,400.72,145.59,287.43,70.0,99.67
2025-12-16,564.29,401.48,142.64,291.57,69.64,100.48
2025-12-17,560.27,400.71,148.79,279.73,69.52,100.52
2025-12-18,556.67,399.98,146.26,276.48,69.72,100.33
